School_Id,Name,Age,Gender
1,Mohan,19,Male
2,Prasath,19,Male
3,Dhikshu,18,Female
4,Sriram,20,Male
5,Pugal,17,Male
6,Pradhi,22,Female
7,Thanu,41,Female
8,Bhavana,25,Female
9,Harini,30,Female
10,Anusri,15,Female
11,Farhath,12,Male
12,Divya,19,Male
13,Sowmya,18,Female
14,Arjun,23,Male
15,Kiran,24,Male
16,Ram,28,Male
17,Megha,24,Female
18,Romi,13,Female
19,Hemi,23,Female
20,Ananya,21,Female
21,Dhanya,20,Female
22,Janani,22,Female
23,Arun,29,Male
24,Rohit,16,Male
25,Sidd,22,Male
26,Rakesh,18,Male
27,Priya,20,Female
28,Rishi,19,Female
29,Anjana,23,Female
30,Karan,24,Male
31,Shreya,22,Female
32,Rahul,19,Male
33,Nirup,20,Male
34,Vikram,22,Male
35,Jyoti,24,Female
36,Vicky,21,Male
37,Shivani,20,Female
38,Alok,22,Female
39,Reena,22,Female
40,Mohini,18,Female
41,Suresh,25,Male
42,Riya,26,Female
43,Yashi,24,Female
44,Kavita,27,Male
45,Rohan,19,Male
46,Aruna,20,Male
47,Karthik,28,Male
48,Kavya,18,Female
49,Rakesh,16,Male
50,Pooja,20,Male
51,Ajay,19,Female
52,Varsha,21,Male
53,Vivek,22,Female
54,Sangeeta,26,Female
55,Nikhil,24,Male
56,Nidhi,18,Female
57,Amit,20,Male
58,Ritu,22,Female
59,Ankit,22,Male
60,Kirti,18,Male
61,Akash,19,Female
62,Rani,20,Male
63,Sanjay,22,Female
64,Anjali,24,Female
65,Raja,26,Male
66,Meena,28,Female
67,Prakash,29,Female
68,Bharti,18,Female
69,Rohan,19,Male
70,Seema,20,Female
71,Deepak,22,Male
72,Tanvi,24,Male
73,Vicky,26,Female
74,Renuka,27,Male
75,Sameer,29,Male
76,Ritu,18,Male
77,Pankaj,19,Male
78,Priyanka,20,Male
79,Rohit,22,Female
80,Ria,24,Female
81,Rakesh,26,Male
82,Rekha,27,Female
83,Rahul,29,Female
84,Rina,18,Male
85,Manoj,19,Male
86,Kavya,20,Female
87,Ravi,22,Female
88,Neha,24,Female
89,Rahul,26,Male
90,Riya,27,Male
91,Ajay,29,Male
92,Pooja,18,Male
93,Raj,19,Female
94,Sunita,20,Female
95,Rohit,22,Female
96,Meena,24,Female
97,Prakash,26,Female
98,Bharti,27,Male
99,Rohan,29,Male
100,Seema,18,Male
101,Deepak,19,Male
102,Tanvi,20,Female
103,Vicky,22,Male
104,Renuka,24,Male
105,Sameer,26,Male
106,Ritu,27,Female
107,Pankaj,29,Male
108,Priyanka,18,Female
109,Rohit,19,Male
110,Ria,20,Female
111,Rakesh,22,Male
112,Rekha,24,Female
113,Rahul,26,Female
114,Rina,27,Female
115,Manoj,29,Male
116,Kavya,18,Male
117,Ravi,19,Male
118,Neha,20,Female
119,Rahul,22,Male
120,Riya,24,Female
121,Ajay,26,Male
122,Pooja,27,Female
123,Raj,29,Male
124,Sunita,18,Female
125,Rohit,19,Male
126,Meena,20,Male
127,Prakash,22,Male
128,Bharti,24,Male
129,Rohan,26,Female
130,Seema,27,Female
131,Deepak,29,Male
132,Tanvi,18,Female
133,Vicky,19,Male
134,Renuka,20,Male
135,Sameer,22,Male
136,Ritu,24,Male
137,Pankaj,26,Male
138,Priyanka,27,Male
139,Rohit,29,Female
140,Ria,18,Male
141,Rakesh,19,Male
142,Rekha,20,Female
143,Rahul,22,Female
144,Rina,24,Female
145,Manoj,26,Male
146,Kavya,27,Male
147,Ravi,28,Male
148,Neha,18,Male
149,Rahul,16,Female
150,Riya,20,Male
151,Ajay,19,Female
152,Pooja,21,Male
153,Raj,22,Male
154,Sunita,26,Female
155,Rohit,24,Male
156,Meena,18,Male
157,Prakash,20,Female
158,Bharti,22,Male
159,Rohan,22,Male
160,Seema,18,Female
161,Deepak,19,Female
162,Tanvi,20,Female
163,Vicky,22,Female
164,Renuka,24,Female
165,Sameer,26,Male
166,Ritu,28,Male
167,Pankaj,29,Male
168,Priyanka,18,Male
169,Rohit,19,Male
170,Ria,20,Male
171,Rakesh,22,Female
172,Rekha,24,Female
173,Rahul,26,Male
174,Rina,27,Female
175,Manoj,29,Female
176,Kavya,18,Male
177,Ravi,19,Male
178,Neha,20,Male
179,Rahul,22,Male
180,Riya,24,Male
181,Ajay,26,Female
182,Pooja,27,Male
183,Raj,29,Male
184,Sunita,18,Male
185,Rohit,19,Female
186,Meena,20,Male
187,Prakash,22,Female
188,Bharti,24,Female
189,Rohan,26,Male
190,Seema,27,Male
191,Deepak,29,Male
192,Tanvi,18,Female
193,Vicky,19,Male
194,Renuka,20,Female
195,Sameer,22,Male
196,Ritu,24,Female
197,Pankaj,26,Male
198,Priyanka,27,Female
199,Rohit,29,Male
200,Ria,18,Male
201,Rakesh,19,Male
202,Rekha,20,Male
203,Rahul,22,Female
204,Rina,24,Female
205,Manoj,26,Male
206,Kavya,27,Female
207,Ravi,29,Female
208,Neha,18,Male
209,Rahul,19,Male
210,Riya,20,Female
211,Ajay,22,Female
212,Pooja,24,Male
213,Raj,26,Male
214,Sunita,21,Female
215,Harish,12,Female
216,Kiran,23,Male
217,Sahana,19,Female
218,Praveen,14,Male
219,Roshni,26,Male
220,Vishal,21,Male
221,Manisha,17,Female
222,Kumar,28,Male
223,Sneha,15,Female
224,Amar,22,Male
225,Priya,25,Female
226,Rajesh,16,Male
227,Anusha,27,Male
228,Ganesh,18,Female
229,Pooja,13,Female
230,Vinay,29,Male
231,Deepa,20,Male
232,Sudhir,11,Female
233,Sakshi,24,Male
234,Naveen,30,Female
235,Aarti,12,Male
236,Rakesh,23,Female
237,Ananya,19,Male
238,Vivek,14,Female
239,Shweta,26,Male
240,Rohan,21,Female
241,Nisha,17,Male
242,Sandeep,28,Male
243,Shilpa,15,Female
244,Avinash,22,Female
245,Sonia,25,Male
246,Raj,16,Male
247,Kavita,27,Female
248,Amit,18,Male
249,Preeti,13,Female
250,Satish,29,Female
251,Swati,20,Male
252,Rajiv,11,Male
253,Shalini,24,Female
254,Rajesh,30,Male
255,Aparna,12,Female
256,Sanjay,23,Female
257,Anjali,19,Male
258,Prashant,14,Male
259,Sunita,26,Female
260,Arjun,21,Male
261,Anita,17,Female
262,Rahul,28,Female
263,Neha,15,Male
264,Karthik,22,Male
265,Monica,25,Female
266,Rajeev,16,Male
267,Deepika,27,Female
268,Sumit,18,Female
269,Anjana,13,Male
270,Rajendra,29,Male
271,Vandana,20,Female
272,Manoj,11,Male
273,Shruti,24,Female
274,Dinesh,30,Female
275,Savita,12,Male
276,Gaurav,23,Male
277,Meenakshi,19,Female
278,Rishi,14,Male
279,Riya,26,Female
280,Sanjeev,21,Female
281,Pallavi,17,Male
282,Rajesh,28,Male
283,Kanchan,15,Female
284,Alok,22,Male
285,Radha,25,Female
286,Ashish,16,Female
287,Anita,27,Male
288,Rajat,18,Male
289,Shweta,13,Female
290,Arun,29,Male
291,Nikita,20,Female
292,Sunny,11,Female
293,Vandana,24,Male
294,Santosh,30,Male
295,Jyoti,12,Female
296,Ankit,23,Male
297,Sarika,19,Female
298,Vikas,14,Female
299,Aarti,26,Male
300,Rajiv,21,Male
301,Manju,17,Female
302,Nitin,28,Male
303,Ritu,15,Female
304,Vikram,22,Female
305,Komal,25,Male
306,Rajesh,16,Male
307,Poonam,27,Female
308,Rajeev,18,Male
309,Jyoti,13,Female
310,Avinash,29,Female
311,Savita,20,Male
312,Kunal,11,Male
313,Renu,24,Female
314,Rohit,30,Male
315,Anjali,12,Female
316,Rajendra,23,Female
317,Poonam,19,Male
318,Arvind,14,Male
319,Anuradha,26,Female
320,Pawan,21,Male
321,Neha,17,Female
322,Rajiv,28,Female
323,Anjana,15,Male
324,Sunil,22,Male
325,Pallavi,25,Female
326,Rajesh,16,Male
327,Vandana,27,Female
328,Sachin,18,Female
329,Rajni,13,Male
330,Ashok,29,Male
331,Sunita,20,Female
332,Pradeep,11,Male
333,Shilpa,24,Female
334,Rajesh,30,Female
335,Anuradha,12,Male
336,Amit,23,Male
337,Sapna,19,Female
338,Rajat,14,Male
339,Sarita,26,Female
340,Arun,21,Female
341,Pooja,17,Male
342,Vivek,28,Male
343,Anjali,15,Female
344,Sunny,22,Male
345,Sunita,25,Female
346,Santosh,16,Female
347,Jyoti,27,Male
348,Ankit,18,Male
349,Rajni,13,Female
350,Vikas,29,Male
351,Anita,20,Female
352,Rajiv,11,Female
353,Manju,24,Male
354,Nitin,30,Male
355,Ritu,12,Female
356,Vikram,23,Male
357,Komal,19,Female
358,Rajesh,14,Female
359,Poonam,26,Male
360,Rajeev,21,Male
361,Jyoti,17,Female
362,Avinash,28,Male
363,Savita,15,Female
364,Kunal,22,Female
365,Renu,25,Male
366,Rohit,16,Male
367,Anjali,27,Female
368,Rajendra,18,Male
369,Poonam,13,Female
370,Arvind,29,Female
371,Anuradha,20,Male
372,Pawan,11,Male
373,Neha,24,Female
374,Rajiv,30,Male
375,Anjana,12,Female
376,Sunil,23,Female
377,Pallavi,19,Male
378,Rajesh,14,Male
379,Vandana,26,Female
380,Sachin,21,Male
381,Rajni,17,Female
382,Ashok,28,Female
383,Sunita,15,Male
384,Pradeep,22,Male
385,Shilpa,25,Female
386,Rajesh,16,Male
387,Anuradha,27,Female
388,Amit,18,Female
389,Sapna,13,Male
390,Rajat,29,Male
391,Sarita,20,Female
392,Arun,11,Male
393,Pooja,24,Female
394,Vivek,30,Female
395,Anjali,12,Male
396,Sunny,23,Male
397,Sunita,19,Female
398,Santosh,14,Male
399,Jyoti,26,Female
400,Ankit,21,Female
401,Rajni,17,Male
402,Vikas,28,Male
403,Anita,15,Female
404,Rajiv,22,Male
405,Manju,25,Female
406,Nitin,16,Female
407,Ritu,27,Male
408,Vikram,18,Male
409,Komal,13,Female
410,Rajesh,29,Male
411,Poonam,20,Female
412,Rajeev,11,Female
413,Jyoti,24,Male
414,Avinash,30,Male
415,Savita,12,Female
416,Kunal,23,Male
417,Renu,19,Female
418,Naveen,14,Female
419,Aarti,26,Male
420,Praveen,21,Male
421,Roshni,17,Female
422,Vishal,28,Male
423,Manisha,15,Female
424,Kumar,22,Female
425,Sneha,25,Male
426,Amar,16,Male
427,Anusha,27,Female
428,Ganesh,18,Male
429,Pooja,13,Female
430,Vinay,29,Female
431,Deepa,20,Male
432,Sudhir,11,Male
433,Sakshi,24,Female
434,Rakesh,30,Male
435,Ananya,22,Female
436,Vivek,30,Female
437,Shweta,25,Male
438,Sudeep,29,Male
439,Shilpa,24,Female
440,Avinash,32,Male
441,Sonia,27,Female
442,Raj,28,Female
443,Kavita,23,Male
444,Preeti,31,Male
445,Satish,33,Female
446,Swati,26,Male
447,Rajiv,35,Female
448,Shalini,21,Female
449,Aparna,34,Male
450,Sanjay,38,Male
451,Sarika,37,Female
452,Vikas,36,Male
453,Arjun,39,Female
454,Sumit,40,Female
455,Anjana,24,Male
456,Vandana,29,Male
457,Dinesh,21,Female
458,Gaurav,33,Male
459,Meenakshi,32,Female
460,Rishi,23,Female
461,Riya,30,Male
462,Sanjeev,26,Male
463,Pallavi,35,Female
464,Kanchan,31,Male
465,Alok,28,Female
466,Radha,22,Female
467,Ashish,34,Male
468,Sarita,27,Male
469,Arun,38,Female
470,Nikita,37,Male
471,Sunny,36,Female
472,Ankit,39,Female
473,Poonam,40,Male
474,Anuradha,24,Male
475,Pawan,29,Female
476,Neha,21,Male
477,Anjana,33,Female
478,Sunil,32,Female
479,Rajeshwari,23,Male
480,Rekha,30,Male
481,Sameer,26,Female
482,Nisha,35,Male
483,Karan,31,Female
484,Monica,28,Female
485,Rajeev,22,Male
486,Deepika,34,Male
487,Arvind,27,Male
488,Manju,38,Female
489,Nitin,37,Male
490,Raju,36,Female
491,Kirti,39,Female
492,Komal,40,Male
493,Karthik,24,Male
494,Anjali,29,Female
495,Ritu,21,Female
496,Vikram,33,Male
497,Jyoti,32,Female
498,Ananya,23,Female
499,Ruchi,30,Female
500,Rohini,26,Female
